scan_time,event_ticker,wti_price,hours_left,threshold,bid,ask,fair_value,buy_edge,sell_edge,vol_24h,signal
2026-04-01 14:59 UTC,KXWTI-26APR01,99.08,3.5,101.99,0.12,0.17,0.0488,-0.1212,0.0712,70480.0,WEAK_SELL
2026-04-01 14:59 UTC,KXWTI-26APR01,99.08,3.5,100.99,0.2,0.22,0.1361,-0.0839,0.0639,71471.0,WEAK_SELL
2026-04-01 14:59 UTC,KXWTI-26APR01,99.08,3.5,99.99,0.36,0.38,0.2986,-0.0814,0.0614,71952.0,WEAK_SELL
2026-04-01 14:59 UTC,KXWTI-26APR01,99.08,3.5,95.99,0.9,0.92,0.9692,0.0492,-0.0692,73420.0,WEAK_BUY
2026-04-01 14:59 UTC,KXWTI-26APR01,99.08,3.5,102.99,0.06,0.07,0.0137,-0.0563,0.0463,37731.0,WEAK_SELL
2026-04-01 14:59 UTC,KXWTI-26APR01,99.08,3.5,96.99,0.82,0.85,0.8946,0.0446,-0.0746,64345.0,WEAK_BUY
2026-04-01 14:59 UTC,KXWTI-26APR01,99.08,3.5,104.99,0.02,0.04,0.0005,-0.0395,0.0195,21630.0,
2026-04-01 14:59 UTC,KXWTI-26APR01,99.08,3.5,98.99,0.54,0.56,0.5211,-0.0389,0.0189,89807.0,
2026-04-01 14:59 UTC,KXWTI-26APR01,99.08,3.5,97.99,0.72,0.76,0.7408,-0.0192,-0.0208,67232.0,
